movieId,imdbId,tmdbId
1,114709,862.0
2,113497,8844.0
3,113228,15602.0
5,113041,11862.0
6,113277,949.0
7,114319,11860.0
9,114576,9091.0
10,113189,710.0
11,112346,9087.0
12,112896,12110.0
14,113987,10858.0
15,112760,1408.0
16,112641,524.0
17,114388,4584.0
18,113101,5.0
19,112281,9273.0
20,113845,11517.0
21,113161,8012.0
22,112722,1710.0
23,112401,9691.0
24,114168,12665.0
25,113627,451.0
26,114057,16420.0
28,114117,17015.0
29,112682,902.0
31,112792,9909.0
32,114746,63.0
34,112431,9598.0
36,112818,687.0
39,112697,9603.0
41,114279,31174.0
44,113855,9312.0
45,114681,577.0
46,113347,11861.0
47,114369,807.0
48,114148,10530.0
50,114814,629.0
52,113819,11448.0
58,110877,11010.0
60,113419,11359.0
62,113862,2054.0
65,115683,9536.0
69,113118,10634.0
70,116367,755.0
73,113828,48750.0
76,114367,9102.0
79,116731,9623.0
81,114660,400.0
86,118158,10534.0
88,115697,13997.0
89,113972,2086.0
94,115639,9283.0
95,115759,9208.0
97,113247,406.0
100,115907,11062.0
101,115734,13685.0
104,116483,9614.0
105,112579,688.0
107,117110,10874.0
110,112573,197.0
111,75314,103.0
112,113326,33542.0
122,103859,11066.0
125,116324,2074.0
135,116130,9101.0
140,118055,9302.0
141,115685,11000.0
144,112585,16388.0
145,112442,9737.0
147,112461,10474.0
150,112384,568.0
151,114287,11780.0
153,112462,414.0
154,61395,649.0
157,109370,1775.0
158,112642,8839.0
159,112688,20649.0
160,112715,10329.0
161,112740,8963.0
162,109508,26564.0
163,112851,8068.0
164,112857,8512.0
165,112864,1572.0
168,113071,6520.0
169,113114,9073.0
170,113243,10428.0
172,113481,9886.0
173,113492,9482.0
174,113500,19326.0
175,113540,9344.0
176,113677,9071.0
180,113749,2293.0
181,113820,9070.0
185,113957,1642.0
186,113986,11472.0
188,114194,11980.0
193,114436,10802.0
194,114478,10149.0
195,114496,18402.0
196,114508,9348.0
198,114558,281.0
203,114682,9090.0
204,114781,3512.0
207,114887,9560.0
208,114898,9804.0
215,112471,76.0
216,112508,11017.0
218,112571,9382.0
222,112679,22625.0
223,109445,2292.0
224,112883,1909.0
225,109635,8984.0
227,109676,4954.0
230,109642,11929.0
231,109686,8467.0
232,111797,10451.0
233,109759,20156.0
234,109758,18395.0
235,109707,522.0
236,113117,397.0
237,113097,10525.0
239,113198,15789.0
246,110057,14275.0
247,110005,1024.0
248,110066,17207.0
249,110116,13701.0
252,110099,11777.0
253,110148,628.0
256,110216,6280.0
257,113501,9061.0
258,113538,37108.0
260,76759,11.0
261,110367,9587.0
262,113670,19101.0
265,103994,18183.0
266,110322,4476.0
267,110443,11008.0
272,110428,11318.0
273,109836,3036.0
276,110516,8986.0
277,110527,10510.0
280,113870,8438.0
281,110684,11593.0
282,110638,1945.0
288,110632,241.0
290,110729,527.0
292,114069,6950.0
293,110413,101.0
296,110912,680.0
300,110932,11450.0
303,114214,12106.0
306,111495,110.0
307,108394,108.0
308,111507,109.0
314,111112,14334.0
315,111255,2636.0
316,111282,2164.0
317,111070,11395.0
318,111161,278.0
319,111149,9905.0
322,114594,20306.0
327,114614,9067.0
328,114608,9059.0
329,111280,193.0
332,114852,12122.0
333,114694,11381.0
337,108550,1587.0
338,114857,9271.0
339,114924,2064.0
342,110598,236.0
344,109040,3049.0
345,109045,2759.0
348,109348,11382.0
349,109444,9331.0
350,109446,10731.0
351,109484,10464.0
353,109506,9495.0
355,109813,888.0
356,109830,13.0
357,109831,712.0
361,110167,10660.0
362,110213,10714.0
364,110357,8587.0
366,111686,11596.0
367,110475,854.0
368,110478,9359.0
370,110622,36593.0
371,110771,12280.0
372,110950,2788.0
373,105226,10427.0
374,110989,11011.0
376,110997,8987.0
377,111257,1637.0
379,111438,8831.0
380,111503,36955.0
381,111693,10449.0
382,111742,10395.0
383,111756,12160.0
393,111301,11667.0
405,110027,8011.0
410,106220,2758.0
412,106226,10436.0
413,109068,13595.0
415,106292,9409.0
417,109219,16771.0
419,106400,11041.0
420,109254,306.0
421,109279,14522.0
423,109303,178.0
427,106471,18215.0
428,106489,1607.0
431,106519,6075.0
432,109439,11310.0
434,106582,9350.0
435,106598,9612.0
440,106673,11566.0
441,106677,9571.0
442,106697,9739.0
445,106873,26141.0
454,106918,37233.0
455,106965,1634.0
457,106977,5503.0
464,107076,2019.0
466,107144,9255.0
468,112966,10612.0
471,110074,11934.0
474,107206,9386.0
475,107207,7984.0
477,108551,15765.0
480,107290,329.0
481,107302,10909.0
485,107362,9593.0
489,107478,12121.0
490,107497,2246.0
491,107501,10502.0
492,107507,10440.0
493,107554,9516.0
494,116253,2320.0
497,107616,11971.0
500,107614,788.0
502,110657,11231.0
507,107808,9559.0
508,107818,9800.0
509,107822,713.0
514,110955,10872.0
515,107943,1245.0
516,110971,11858.0
519,107978,5550.0
520,107977,8005.0
524,108002,14534.0
527,108052,424.0
529,108065,14291.0
531,108071,11236.0
532,111127,11592.0
533,111143,8850.0
534,108101,10445.0
535,108122,695.0
537,111201,12519.0
538,108149,23210.0
539,108160,858.0
540,108162,867.0
541,83658,78.0
542,108186,13203.0
543,108174,10442.0
546,108255,9607.0
551,107688,9479.0
552,108333,10057.0
553,108358,11969.0
555,108399,319.0
562,114906,11446.0
575,110366,10897.0
585,112572,9066.0
586,99785,771.0
587,99653,251.0
588,103639,812.0
589,103064,280.0
590,99348,581.0
592,96895,268.0
593,102926,274.0
594,29583,408.0
595,101414,10020.0
596,32910,10895.0
597,100405,114.0
599,65214,576.0
605,117247,7300.0
608,116282,275.0
609,116552,25059.0
610,82509,11827.0
616,65421,10112.0
628,117381,1592.0
631,115509,19042.0
637,117608,9099.0
640,116095,10988.0
647,115956,10684.0
648,117060,954.0
653,116136,8840.0
661,116683,10539.0
663,116768,18414.0
671,117128,3065.0
673,117705,2300.0
694,117774,20762.0
707,117107,10990.0
708,117979,8866.0
709,95776,12233.0
711,116322,36355.0
714,112817,922.0
719,117108,9304.0
720,118114,503475.0
724,115963,9100.0
728,112701,32513.0
733,117500,9802.0
736,117998,664.0
737,115624,11867.0
741,113568,9323.0
742,117894,10280.0
743,117723,10535.0
745,112691,532.0
748,115571,10547.0
750,57012,935.0
761,117331,9826.0
762,117765,9879.0
765,116669,7095.0
778,117951,627.0
780,116629,602.0
783,116583,10545.0
784,115798,9894.0
785,116778,11543.0
786,116213,9268.0
788,117218,9327.0
798,116040,11228.0
799,116365,10779.0
800,116905,26748.0
801,116493,38223.0
802,117333,9294.0
805,117913,1645.0
810,116756,11511.0
818,118073,12606.0
830,116313,2925.0
832,117438,3595.0
836,115857,12123.0
837,117008,10830.0
838,116191,3573.0
839,115986,10546.0
842,117826,9431.0
849,116225,10061.0
852,117918,10478.0
858,68646,238.0
866,115736,9303.0
880,116654,9306.0
892,117991,44705.0
898,32904,981.0
899,45152,872.0
900,43278,2769.0
902,54698,164.0
903,52357,426.0
904,47396,567.0
905,25316,3078.0
908,53125,213.0
909,53604,284.0
910,53291,239.0
911,56923,4808.0
912,34583,289.0
913,33870,963.0
914,58385,11113.0
915,47437,6620.0
916,46250,804.0
918,37059,909.0
919,32138,630.0
920,31381,770.0
922,43014,599.0
923,33467,15.0
924,62622,62.0
926,42192,705.0
928,32976,223.0
930,38787,303.0
933,48728,381.0
934,42451,20758.0
951,32599,3085.0
952,48960,2897.0
953,38650,1585.0
954,31679,3083.0
955,29947,900.0
965,26029,260.0
968,63350,10331.0
969,43265,488.0
971,51459,261.0
986,116329,11076.0
991,117039,1770.0
994,115678,18203.0
996,116830,9333.0
999,115438,9401.0
1007,72653,18660.0
1013,55277,19186.0
1015,107131,6878.0
1017,54357,18444.0
1019,46672,173.0
1020,106611,864.0
1021,109127,24795.0
1022,42332,11224.0
1023,63819,81310.0
1025,57546,9078.0
1027,102798,8367.0
1028,58331,433.0
1029,33563,11360.0
1030,76538,11114.0
1031,66817,12335.0
1032,43274,12092.0
1033,82406,10948.0
1035,59742,15121.0
1036,95016,562.0
1037,104692,10163.0
1041,117589,11159.0
1042,117887,9591.0
1047,116908,11412.0
1049,116409,10586.0
1057,116242,9716.0
1059,117509,454.0
1060,117802,10218.0
1061,117665,819.0
1064,115491,11238.0
1073,67992,252.0
1077,70707,11561.0
1078,66808,11302.0
1079,95159,623.0
1080,79470,583.0
1081,84865,12614.0
1084,61418,475.0
1086,46912,521.0
1088,92890,88.0
1089,105236,500.0
1090,91763,792.0
1091,98627,8491.0
1092,103772,402.0
1093,101761,10537.0
1094,104036,11386.0
1095,104348,9504.0
1096,84707,15764.0
1097,83866,601.0
1100,99371,2119.0
1101,92099,744.0
1103,48545,221.0
1104,44081,702.0
1120,117318,1630.0
1124,82846,11816.0
1125,72081,11843.0
1127,96754,2756.0
1129,82340,1103.0
1131,91288,4480.0
1135,81375,10765.0
1136,71853,762.0
1147,118147,10548.0
1148,108598,531.0
1171,103850,10608.0
1172,95765,11216.0
1173,97108,7452.0
1175,101700,892.0
1178,50825,975.0
1179,99703,18129.0
1183,116209,409.0
1185,97937,10161.0
1186,98724,1412.0
1188,105488,10409.0
1189,96257,14285.0
1193,73486,510.0
1194,78446,11455.0
1196,80684,1891.0
1197,93779,2493.0
1198,82971,85.0
1199,88846,68.0
1200,90605,679.0
1201,60196,429.0
1203,50083,389.0
1204,56172,947.0
1206,66921,185.0
1207,56592,595.0
1208,78788,28.0
1209,64116,335.0
1210,86190,1892.0
1211,93191,144.0
1212,41959,1092.0
1213,99685,769.0
1214,78748,348.0
1215,106308,766.0
1216,95250,175.0
1217,89881,11645.0
1218,97202,10835.0
1219,54215,539.0
1220,80455,525.0
1221,71562,240.0
1222,93058,600.0
1223,104361,530.0
1224,97499,10705.0
1225,86879,279.0
1227,87843,311.0
1228,81398,1578.0
1230,75686,703.0
1231,86197,9549.0
1233,82096,387.0
1234,70735,9277.0
1235,67185,343.0
1237,50976,490.0
1240,88247,218.0
1241,103873,763.0
1242,97441,9665.0
1243,100519,18971.0
1244,79522,696.0
1245,100150,379.0
1246,97165,207.0
1247,61722,37247.0
1248,52311,1480.0
1249,100263,9322.0
1250,50212,826.0
1251,56801,422.0
1252,71315,829.0
1253,43456,828.0
1254,40897,3090.0
1256,23969,3063.0
1257,88794,13667.0
1258,81505,694.0
1259,92005,235.0
1260,22100,832.0
1261,92991,765.0
1262,57115,5925.0
1263,77416,11778.0
1265,107048,137.0
1266,105695,33.0
1267,56218,982.0
1269,36613,212.0
1270,88763,105.0
1271,101921,1633.0
1272,66206,11202.0
1273,90967,1554.0
1274,94625,149.0
1275,91203,8009.0
1276,61512,903.0
1277,99334,11673.0
1278,72431,3034.0
1281,32553,914.0
1282,32455,756.0
1283,44706,288.0
1284,38355,910.0
1285,97493,2640.0
1287,52618,665.0
1288,88258,11031.0
1289,85809,11314.0
1290,94006,15143.0
1291,97576,89.0
1292,78841,10322.0
1293,83987,783.0
1295,96332,10644.0
1296,91867,11257.0
1297,89886,14370.0
1298,84503,12104.0
1299,87553,625.0
1301,49223,830.0
1302,97351,2323.0
1303,73341,983.0
1304,64115,642.0
1307,98635,639.0
1320,103644,8077.0
1321,82010,814.0
1327,78767,11449.0
1333,56869,571.0
1339,103874,6114.0
1342,103919,9529.0
1343,101540,1598.0
1344,55824,11349.0
1345,74285,7340.0
1347,87800,377.0
1348,13442,653.0
1350,75005,794.0
1356,117731,199.0
1357,117631,7863.0
1358,117666,12498.0
1359,116705,9279.0
1367,115433,11674.0
1370,99423,1573.0
1371,79945,152.0
1372,102975,174.0
1373,98382,172.0
1374,84726,154.0
1375,88170,157.0
1376,92007,168.0
1377,103776,364.0
1378,96487,11967.0
1379,100994,9086.0
1380,77631,621.0
1381,84021,9037.0
1385,105690,8845.0
1387,73195,578.0
1388,77766,579.0
1391,116996,75.0
1393,116695,9390.0
1394,93822,378.0
1396,105435,2322.0
1405,115641,3179.0
1407,117571,4232.0
1408,104691,9361.0
1409,117038,2928.0
1411,116477,10549.0
1416,116250,8818.0
1429,116704,9404.0
1431,118708,9622.0
1438,118928,9619.0
1441,106387,4104.0
1449,118111,16448.0
1457,119141,1968.0
1459,118548,66.0
1464,116922,638.0
1466,119008,9366.0
1474,119432,9446.0
1476,119951,9403.0
1479,120053,10003.0
1480,120152,9311.0
1483,115964,884.0
1485,119528,1624.0
1488,118972,4477.0
1499,118615,9360.0
1500,119229,9434.0
1513,120032,9611.0
1515,120461,10357.0
1517,118655,816.0
1518,118771,2163.0
1527,119116,18.0
1537,117615,11239.0
1541,118556,2058.0
1544,119567,330.0
1552,118880,1701.0
1556,120179,1639.0
1562,118688,415.0
1566,119282,11970.0
1569,119738,8874.0
1573,119094,754.0
1580,119654,607.0
1584,118884,686.0
1586,119173,4421.0
1587,82198,9387.0
1588,119190,10603.0
1589,118887,2142.0
1590,119081,8413.0
1591,120177,10336.0
1597,118883,8834.0
1603,119675,4961.0
1608,118571,9772.0
1610,99810,1669.0
1614,119360,10806.0
1615,119051,9433.0
1616,119874,6623.0
1617,119488,2118.0
1619,120102,978.0
1620,119468,9437.0
1625,119174,2649.0
1635,119349,68924.0
1639,118842,2255.0
1641,119164,9427.0
1644,119345,3597.0
1645,118971,1813.0
1653,119177,782.0
1663,83131,10890.0
1665,118689,1281.0
1672,119978,11975.0
1673,118749,4995.0
1674,90329,9281.0
1676,120201,563.0
1678,107282,19931.0
1680,120148,10215.0
1682,120382,37165.0
1687,119395,4824.0
1688,118617,9444.0
1690,118583,8078.0
1693,118607,11831.0
1702,119137,9574.0
1704,119217,489.0
1711,119668,8197.0
1717,120082,4233.0
1719,120255,10217.0
1721,120338,597.0
1722,120347,714.0
1726,119925,9922.0
1729,119396,184.0
1732,118715,115.0
1735,119223,9410.0
1747,120885,586.0
1748,118929,2666.0
1753,120693,9490.0
1754,119099,9411.0
1760,120185,6116.0
1769,120008,11702.0
1772,118747,11568.0
1777,120888,11003.0
1779,120184,10153.0
1784,119822,2898.0
1792,120873,11808.0
1799,120241,10668.0
1801,120744,9313.0
1805,120890,617.0
1810,119942,9440.0
1831,120738,2157.0
1833,120749,8838.0
1834,120176,29193.0
1835,120632,795.0
1845,120906,16148.0
1848,118755,9449.0
1873,119683,4415.0
1876,120647,8656.0
1882,120685,929.0
1883,118798,9452.0
1884,120669,1878.0
1885,120777,9844.0
1892,120787,1965.0
1894,120828,6068.0
1895,127723,15037.0
1907,120762,10674.0
1909,120902,846.0
1911,118998,3050.0
1912,120780,1389.0
1916,118789,9464.0
1917,120591,95.0
1918,122151,944.0
1920,122718,11551.0
1921,138704,473.0
1923,129387,544.0
1927,20629,143.0
1944,45793,11426.0
1945,47296,654.0
1947,55614,1725.0
1950,61811,10633.0
1952,64665,3116.0
1953,67116,1051.0
1954,75148,1366.0
1955,79417,12102.0
1956,81283,16619.0
1957,82158,9443.0
1958,86425,11050.0
1959,89755,606.0
1960,93389,746.0
1961,95953,380.0
1962,97239,403.0
1963,65063,11485.0
1965,87995,13820.0
1967,91369,13597.0
1968,88847,2108.0
1969,89686,10014.0
1970,93629,10072.0
1974,80761,4488.0
1982,77651,948.0
1991,94862,10585.0
1994,84516,609.0
1997,70047,9552.0
2000,93409,941.0
2001,97733,942.0
2002,104714,943.0
2003,87363,927.0
2004,99700,928.0
2005,89218,9340.0
2006,120746,9342.0
2009,70723,12101.0
2010,17136,19.0
2011,96874,165.0
2012,99088,196.0
2013,69113,551.0
2018,34492,3170.0
2019,47478,346.0
2020,94947,859.0
2021,87182,841.0
2023,99674,242.0
2028,120815,857.0
2046,91059,10122.0
2052,107120,10439.0
2053,104437,11158.0
2054,97523,9354.0
2058,120768,9631.0
2059,120783,9820.0
2060,131857,14013.0
2064,98213,1779.0
2065,89853,10849.0
2067,59113,907.0
2072,96734,11974.0
2076,90756,793.0
2078,61852,9325.0
2080,48280,10340.0
2081,97757,10144.0
2082,104868,10414.0
2083,104940,10437.0
2085,55254,12230.0
2087,46183,10693.0
2088,81353,11335.0
2089,100477,11135.0
2090,76618,11319.0
2094,102803,10249.0
2096,53285,10882.0
2097,86336,24808.0
2100,88161,2619.0
2105,84827,97.0
2108,102250,2107.0
2109,79367,6471.0
2110,83798,9442.0
2111,85894,11591.0
2114,86066,227.0
2115,87469,87.0
2116,77869,123.0
2117,87803,9314.0
2118,85407,11336.0
2122,87050,10823.0
2123,96787,11497.0
2124,101272,2907.0
2125,120631,9454.0
2126,120832,8688.0
2133,92513,14367.0
2134,90305,11814.0
2135,61584,16081.0
2136,57372,18331.0
2137,70016,15171.0
2138,78480,11837.0
2139,84649,11704.0
2140,83791,11639.0
2141,90633,4978.0
2142,101329,10380.0
2143,89469,11976.0
2144,88128,15144.0
2145,91790,11522.0
2146,90060,11557.0
2150,80801,8393.0
2153,118661,9320.0
2160,63522,805.0
2161,88323,34584.0
2167,120611,36647.0
2174,94721,4011.0
2176,40746,1580.0
2186,44079,845.0
2193,96446,847.0
2194,94226,117.0
2231,128442,10220.0
2232,123755,431.0
2243,92699,12626.0
2245,96463,3525.0
2247,95593,2321.0
2248,98258,2028.0
2249,100212,16384.0
2253,105629,11597.0
2268,104257,881.0
2273,120812,2109.0
2278,122690,8195.0
2279,146336,9877.0
2288,84787,1091.0
2289,105151,10403.0
2291,99487,162.0
2294,120587,8916.0
2296,120770,9429.0
2297,120889,12159.0
2300,63462,30197.0
2301,82517,10156.0
2302,104952,10377.0
2311,86837,4437.0
2312,90830,1890.0
2313,80678,1955.0
2318,147612,10683.0
2321,120789,2657.0
2324,118799,637.0
2325,124819,8675.0
2329,120586,73.0
2334,133952,9882.0
2335,120484,10663.0
2336,127536,4518.0
2338,130018,3600.0
2340,119643,297.0
2346,73747,12223.0
2352,85244,12560.0
2353,120660,9798.0
2355,120623,9487.0
2359,166396,10162.0
2360,154420,309.0
2361,69089,692.0
2366,24216,244.0
2367,74751,10730.0
2369,89017,8130.0
2371,89155,9749.0
2375,91541,10466.0
2376,90264,707.0
2378,87928,9336.0
2379,89822,10157.0
2380,91777,12118.0
2384,120595,9447.0
2387,124198,10029.0
2391,120324,10223.0
2393,120844,200.0
2394,120794,9837.0
2395,128445,11545.0
2396,138097,1934.0
2398,39628,11881.0
2402,89880,1369.0
2403,83944,1368.0
2404,95956,1370.0
2405,89370,10303.0
2406,88011,9326.0
2407,88933,10328.0
2409,79817,1367.0
2410,84602,1371.0
2411,89927,1374.0
2412,100507,1375.0
2413,88930,15196.0
2414,90357,11904.0
2416,90685,15596.0
2420,87538,1885.0
2421,91326,8856.0
2422,97647,10495.0
2423,97958,5825.0
2424,128853,9489.0
2427,120863,8741.0
2428,133751,9276.0
2431,129290,10312.0
2433,120633,9422.0
2447,139699,14709.0
2450,91225,10658.0
2454,51622,11815.0
2455,91064,9426.0
2459,72271,30497.0
2463,91877,12151.0
2467,91605,192.0
2468,91306,10945.0
2470,90555,9671.0
2471,92493,9396.0
2474,90863,11873.0
2476,91187,10015.0
2478,92086,8388.0
2485,160862,10314.0
2490,120784,2112.0
2496,124298,11622.0
2501,132477,13466.0
2502,151804,1542.0
2505,134273,8224.0
2513,98084,8913.0
2517,85333,8769.0
2518,84412,14742.0
2527,70909,2362.0
2528,74812,10803.0
2529,63442,871.0
2530,65462,1685.0
2532,68408,1688.0
2533,67065,1687.0
2539,122933,9535.0
2541,139134,796.0
2542,120735,100.0
2565,49408,16520.0
2567,131369,11374.0
2571,133093,603.0
2572,147800,4951.0
2580,139239,9430.0
2581,151738,11355.0
2583,126250,9465.0
2594,125659,1902.0
2596,133189,6396.0
2598,120797,12596.0
2599,126886,9451.0
2600,120907,1946.0
2605,137494,1844.0
2606,138510,6552.0
2616,99422,8592.0
2617,120616,564.0
2622,140379,10210.0
2628,120915,1893.0
2640,78346,1924.0
2641,81573,8536.0
2642,86393,9531.0
2643,94074,11411.0
2648,21884,3035.0
2657,73629,36685.0
2662,46534,8974.0
2664,49366,11549.0
2671,125439,509.0
2672,139809,1090.0
2683,145660,817.0
2686,120802,14283.0
2687,120855,37135.0
2688,144214,2275.0
2690,122541,24137.0
2692,130827,104.0
2694,142342,9032.0
2699,99052,6488.0
2700,158983,9473.0
2701,120891,8487.0
2702,162677,10279.0
2706,163651,2105.0
2707,137363,1073.0
2710,185937,2667.0
2712,120663,345.0
2713,139414,9825.0
2716,87332,620.0
2717,97428,2978.0
2718,157503,10490.0
2719,171363,11618.0
2720,141369,332.0
2722,149261,8914.0
2723,132347,9824.0
2724,163187,4806.0
2728,54331,967.0
2731,53198,147.0
2734,91557,11120.0
2735,91129,10136.0
2739,88939,873.0
2746,91419,10776.0
2761,129167,10386.0
2762,167404,745.0
2763,155267,913.0
2770,131325,11353.0
2772,165710,9781.0
2779,77663,12185.0
2788,66765,9267.0
2791,80339,813.0
2792,83530,2665.0
2793,118604,9406.0
2794,89670,11418.0
2795,85995,11153.0
2796,95188,14170.0
2797,94737,2280.0
2798,100419,11077.0
2802,96244,10396.0
2803,107798,9944.0
2804,85334,850.0
2805,130121,10154.0
2808,105698,9349.0
2819,73802,11963.0
2822,104839,9096.0
2826,120657,1911.0
2827,138304,2900.0
2840,145531,10307.0
2841,164181,11601.0
2857,63823,12105.0
2858,169547,14.0
2863,58182,704.0
2867,89175,11797.0
2871,68473,10669.0
2872,82348,11527.0
2875,108185,1049.0
2881,150377,10398.0
2890,120188,6415.0
2901,79714,9638.0
2908,171804,226.0
2912,165854,10388.0
2915,86200,9346.0
2916,100802,861.0
2917,82089,14412.0
2918,91042,9377.0
2921,68699,11901.0
2924,80179,11230.0
2926,95270,11054.0
2942,85549,535.0
2944,61578,1654.0
2947,58150,658.0
2948,57076,657.0
2949,55928,646.0
2950,80453,5689.0
2951,58461,391.0
2952,119256,8052.0
2953,104431,772.0
2959,137523,550.0
2966,166896,404.0
2968,81633,36819.0
2973,97123,11562.0
2985,93870,5548.0
2986,100502,5549.0
2987,96438,856.0
2989,82398,699.0
2990,97742,709.0
2991,70328,253.0
2993,59800,660.0
2995,185371,11377.0
2997,120601,492.0
3000,119698,128.0
3004,120596,2020.0
3005,145681,9481.0
3006,140352,9008.0
3016,83767,16281.0
3018,89885,1694.0
3019,97240,476.0
3020,106856,37094.0
3030,55630,11878.0
3033,94012,957.0
3034,70608,11886.0
3035,48380,37853.0
3037,65988,11040.0
3039,86465,1621.0
3044,101669,11498.0
3052,120655,1832.0
3053,151137,10047.0
3060,101605,11663.0
3062,56197,9289.0
3067,95675,4203.0
3070,86856,11379.0
3072,93565,2039.0
3081,162661,2668.0
3082,143145,36643.0
3083,185125,99.0
3087,96061,9647.0
3088,42546,11787.0
3089,40522,5156.0
3098,87781,11393.0
3100,105265,293.0
3101,93010,10998.0
3104,95631,9013.0
3105,99077,11005.0
3107,101393,2924.0
3108,101889,177.0
3113,146675,9946.0
3114,120363,863.0
3146,205000,10402.0
3147,120689,497.0
3148,124315,1715.0
3156,182789,2277.0
3157,164912,10137.0
3159,120910,49948.0
3160,175880,334.0
3168,64276,624.0
3173,146838,9563.0
3174,125664,1850.0
3175,177789,926.0
3176,134119,1213.0
3178,174856,10400.0
3186,172493,3558.0
3189,156812,17908.0
3198,70511,5924.0
3203,97162,10493.0
3210,83929,13342.0
3213,106364,14919.0
3219,100318,2990.0
3243,104187,10406.0
3244,76095,14741.0
3246,104797,1883.0
3247,105417,2005.0
3248,108147,6279.0
3252,105323,9475.0
3253,105793,8872.0
3254,108525,8873.0
3255,104694,11287.0
3256,105112,9869.0
3257,103855,619.0
3258,104070,9374.0
3259,104231,11259.0
3260,104454,8293.0
3261,105415,11068.0
3262,105665,1923.0
3263,105812,10158.0
3264,103893,10206.0
3267,104815,9367.0
3268,105477,9876.0
3269,104291,10326.0
3270,104040,16562.0
3271,105046,9609.0
3273,134084,4234.0
3274,105414,9605.0
3275,144117,8374.0
3285,163978,1907.0
3298,181984,14181.0
3300,134847,2787.0
3301,190138,2069.0
3307,21749,901.0
3316,184858,2155.0
3317,185014,11004.0
3328,165798,4816.0
3334,40506,11016.0
3354,183523,2067.0
3355,142688,622.0
3358,101698,12186.0
3359,78902,20283.0
3360,91217,5693.0
3361,94812,287.0
3362,72890,968.0
3363,69704,838.0
3386,102138,820.0
3388,93148,8989.0
3396,79588,11176.0
3397,82474,14900.0
3398,87755,11899.0
3408,195685,462.0
3409,195714,9532.0
3418,103074,1541.0
3421,77975,8469.0
3424,97216,925.0
3429,99317,54825.0
3435,36775,996.0
3438,100758,1498.0
3439,103060,1497.0
3440,108308,1499.0
3441,87985,1880.0
3448,93105,801.0
3450,107050,11520.0
3451,61735,1879.0
3452,165929,2085.0
3461,57261,9960.0
3462,27977,3082.0
3468,54997,990.0
3471,75860,840.0
3476,99871,2291.0
3477,112950,13531.0
3479,89457,526.0
3481,146882,243.0
3483,138749,10501.0
3484,192614,11478.0
3489,102057,879.0
3499,100157,1700.0
3503,69293,593.0
3504,74958,10774.0
3507,63374,11356.0
3508,75029,10747.0
3510,186151,10559.0
3524,82031,13665.0
3526,98067,1552.0
3527,93773,106.0
3534,191754,10468.0
3535,144084,1359.0
3536,171433,4967.0
3543,83833,13776.0
3551,74860,10518.0
3552,80487,11977.0
3555,141926,3536.0
3556,159097,1443.0
3564,158622,889.0
3578,172495,98.0
3591,85970,13105.0
3593,185183,5491.0
3608,89791,5683.0
3615,130623,10567.0
3616,217630,10642.0
3617,215129,9285.0
3618,196216,10569.0
3623,120755,955.0
3624,184894,8584.0
3633,64757,668.0
3635,76752,691.0
3638,79574,698.0
3639,71807,682.0
3646,208003,9600.0
3654,54953,10911.0
3668,63518,6003.0
3671,71230,11072.0
3676,74486,985.0
3681,59578,938.0
3683,86979,11368.0
3686,99582,1551.0
3688,84522,10246.0
3697,100403,169.0
3698,93894,865.0
3699,88172,9663.0
3701,94631,10128.0
3702,79501,9659.0
3703,82694,8810.0
3704,89530,9355.0
3707,91635,10068.0
3708,87262,11495.0
3717,187078,9679.0
3730,71360,592.0
3735,70666,9040.0
3740,90728,6978.0
3741,69762,3133.0
3742,15648,643.0
3744,162650,479.0
3745,120913,7450.0
3751,120630,7443.0
3752,183505,2123.0
3753,187393,2024.0
3755,177971,2133.0
3763,89118,9873.0
3783,159382,12706.0
3784,219854,4244.0
3785,175142,4247.0
3791,87277,1788.0
3793,120903,36657.0
3798,161081,2655.0
3809,103241,10276.0
3812,68555,11624.0
3821,144528,12107.0
3824,174480,10641.0
3825,200550,6282.0
3826,164052,9383.0
3827,186566,5551.0
3831,195234,2360.0
3836,65938,11589.0
3852,234853,20438.0
3861,191397,10393.0
3863,209958,8843.0
3868,95705,37136.0
3869,102510,37137.0
3882,204946,1588.0
3893,171580,10480.0
3897,181875,786.0
3910,168629,16.0
3911,218839,13785.0
3916,210945,10637.0
3917,93177,9003.0
3948,212338,1597.0
3949,180093,641.0
3967,249462,71.0
3968,230030,1636.0
3969,223897,10647.0
3972,111512,12207.0
3977,160127,4327.0
3978,146984,4958.0
3979,185431,9678.0
3980,203019,11978.0
3981,199753,8870.0
3984,66995,681.0
3986,216216,8452.0
3988,170016,8871.0
3994,217869,9741.0
3996,190332,146.0
3997,190374,11849.0
3998,228750,11983.0
3999,190865,11678.0
4002,93748,2609.0
4005,93428,708.0
4007,94291,10673.0
4008,96969,2604.0
4011,208092,107.0
4014,241303,392.0
4015,242423,8859.0
4016,120917,11688.0
4017,183659,12509.0
4018,207201,3981.0
4019,181536,711.0
4020,219699,2046.0
4022,162222,8358.0
4023,218967,5994.0
4025,212346,1493.0
4027,190590,134.0
4029,120202,21991.0
4033,146309,11973.0
4034,181865,1900.0
4036,189998,10873.0
4039,83564,15739.0
4040,101757,15413.0
4041,84434,2623.0
4054,206275,9816.0
4069,209475,2018.0
4084,92644,96.0
4085,86960,90.0
4103,92965,10110.0
4105,83907,764.0
4121,93260,2614.0
4128,93437,1547.0
4144,118694,843.0
4148,212985,9740.0
4149,239948,10878.0
4153,231775,16300.0
4161,236493,6073.0
4167,179626,2749.0
4214,88000,14052.0
4223,215750,853.0
4226,209144,77.0
4228,125022,10833.0
4232,227538,10054.0
4235,245712,55.0
4238,164334,2043.0
4239,221027,4133.0
4246,243155,634.0
4247,245686,10956.0
4254,231402,9290.0
4255,240515,13166.0
4262,86250,111.0
4270,209163,1734.0
4291,80319,19494.0
4299,183790,9476.0
4306,126029,808.0
4308,203009,824.0
4310,213149,676.0
4321,101587,1406.0
4322,95082,13554.0
4326,95647,1632.0
4327,54047,966.0
4333,94142,11896.0
4340,255798,11090.0
4343,251075,9397.0
4344,244244,9705.0
4351,102685,1089.0
4361,84805,9576.0
4366,230011,10865.0
4367,146316,1995.0
4368,240462,10808.0
4369,232500,9799.0
4370,212720,644.0
4378,203119,11826.0
4386,239395,10992.0
4388,257106,4248.0
4396,82136,11286.0
4446,173840,2114.0
4447,250494,8835.0
4448,227445,11371.0
4467,96764,14506.0
4487,94889,7520.0
4489,94898,9602.0
4499,95031,10141.0
4545,91949,2605.0
4558,96320,9493.0
4571,96928,1648.0
4621,97778,9494.0
4623,97815,9942.0
4638,163025,331.0
4639,265029,11467.0
4641,162346,1548.0
4642,248845,13403.0
4643,133152,869.0
4677,98536,6951.0
4679,98554,2616.0
4700,247638,9880.0
4701,266915,5175.0
4718,252866,2770.0
4720,230600,1933.0
4728,250687,9896.0
4734,261392,2294.0
4776,139654,2034.0
4787,102316,11521.0
4799,57193,11576.0
4816,196229,9398.0
4823,240890,9778.0
4848,166924,1018.0
4855,66999,984.0
4865,120681,768.0
4873,243017,9081.0
4874,272152,167.0
4876,245674,9378.0
4878,246578,141.0
4881,243133,10778.0
4886,198781,585.0
4887,267804,10796.0
4890,256380,9889.0
4896,241527,671.0
4901,266987,1535.0
4902,256009,1433.0
4903,247425,1999.0
4954,54135,299.0
4958,159273,8007.0
4963,240772,161.0
4967,283509,8342.0
4973,211915,194.0
4974,277371,11397.0
4975,259711,1903.0
4979,265666,9428.0
4980,101452,1649.0
4992,35423,11232.0
4993,120737,120.0
4994,268995,11086.0
4995,268978,453.0
5010,265086,855.0
5013,280707,5279.0
5014,277027,10950.0
5015,285742,1365.0
5025,273923,11857.0
5026,237534,6312.0
5049,83511,150.0
5060,66026,651.0
5064,245844,11362.0
5065,265349,2637.0
5066,281358,10229.0
5072,293416,9606.0
5103,108037,11528.0
5108,251160,8470.0
5110,247745,39939.0
5128,238546,11979.0
5135,265343,480.0
5151,243736,2752.0
5152,277434,10590.0
5171,268695,2135.0
5218,268380,425.0
5219,120804,1576.0
5220,284490,5851.0
5225,245574,1391.0
5254,187738,36586.0
5265,266452,9275.0
5266,258000,4547.0
5267,265662,14635.0
5283,283111,11452.0
5291,42876,548.0
5294,264616,12149.0
5296,253867,11812.0
5299,259446,8346.0
5308,94137,12154.0
5313,277296,9334.0
5329,235737,11468.0
5349,145487,557.0
5377,276751,245.0
5378,121765,1894.0
5380,278500,9026.0
5388,278504,320.0
5400,164184,4614.0
5418,258463,2501.0
5419,267913,9637.0
5444,275847,11544.0
5445,181689,180.0
5449,280590,2022.0
5459,120912,608.0
5463,253556,6278.0
5464,257044,4147.0
5481,295178,818.0
5500,88286,8764.0
5502,286106,2675.0
5505,279113,9962.0
5507,295701,7451.0
5528,265459,9357.0
5541,102059,9595.0
5574,293662,4108.0
5577,280760,9685.0
5608,250258,575.0
5617,274812,11013.0
5618,245429,129.0
5620,256415,11529.0
5621,290095,10771.0
5630,289765,9533.0
5650,86373,12921.0
5669,310793,1430.0
5673,272338,8051.0
5679,298130,565.0
5690,95327,12477.0
5693,76666,11009.0
5782,82949,1672.0
5785,322802,9012.0
5791,120679,1360.0
5810,298203,65.0
5812,297884,10712.0
5816,295297,672.0
5872,246460,36669.0
5878,287467,64.0
5881,307479,2103.0
5902,268126,2757.0
5903,238380,7299.0
5943,252076,7303.0
5944,253754,201.0
5945,257360,2755.0
5952,167261,121.0
5954,307901,1429.0
5956,217505,3131.0
5957,313737,2642.0
5970,102492,4032.0
5971,96283,8392.0
5989,264464,640.0
5991,299658,1574.0
5992,274558,590.0
5995,253474,423.0
6003,290538,4912.0
6016,317248,598.0
6058,309593,9358.0
6059,292506,1647.0
6155,251127,9919.0
6156,300471,6038.0
6157,287978,9480.0
6188,302886,11635.0
6218,286499,455.0
6242,178868,2671.0
6281,183649,1817.0
6283,275277,11299.0
6287,305224,9506.0
6294,245803,11817.0
6296,310281,13370.0
6297,311289,8326.0
6305,60390,1714.0
6323,309698,2832.0
6331,334405,16636.0
6333,290334,36658.0
6350,92067,10515.0
6365,234215,604.0
6367,309530,10720.0
6373,315327,310.0
6377,266543,12.0
6378,317740,9654.0
6383,322259,584.0
6385,298228,1088.0
6440,101410,290.0
6482,329028,10152.0
6502,289043,170.0
6503,305357,9471.0
6534,286716,1927.0
6535,333780,10327.0
6537,181852,296.0
6539,325980,22.0
6541,311429,8698.0
6548,172156,8961.0
6550,274166,9486.0
6552,301199,3472.0
6564,325703,1996.0
6565,329575,4464.0
6586,328828,8273.0
6593,322330,10330.0
6595,257076,9257.0
6618,286112,11770.0
6620,305206,2771.0
6659,100814,9362.0
6662,57413,936.0
6708,325805,7270.0
6709,285823,1428.0
6711,335266,153.0
6753,327137,13156.0
6754,320691,277.0
6755,281686,9707.0
6764,327850,10159.0
6773,286244,9662.0
6787,74119,891.0
6793,103786,11806.0
6796,101507,650.0
6807,85959,4543.0
6857,107692,14282.0
6863,332379,1584.0
6867,340377,2056.0
6870,327056,322.0
6873,138524,11775.0
6874,266697,24.0
6879,313542,11329.0
6888,306047,4256.0
6893,64505,10536.0
6934,242653,605.0
6936,319343,10719.0
6942,314331,508.0
6944,101862,11846.0
6947,311113,8619.0
6953,315733,470.0
6957,307987,10147.0
6958,338094,10756.0
6979,86567,860.0
6993,91167,5143.0
7004,99938,951.0
7022,266308,3176.0
7046,94332,6069.0
7090,299977,79.0
7099,87544,81.0
7137,318374,10744.0
7143,325710,616.0
7147,319061,587.0
7149,337741,6964.0
7150,338466,1792.0
7151,335119,3635.0
7153,167260,122.0
7154,304415,11820.0
7156,317910,12698.0
7160,340855,504.0
7162,159365,2289.0
7163,338337,9620.0
7173,343135,5966.0
7247,62803,11708.0
7254,289879,1954.0
7263,349825,14292.0
7265,309987,1278.0
7293,343660,1824.0
7317,356150,9352.0
7318,335345,615.0
7323,301357,338.0
7324,317648,2023.0
7325,335438,9384.0
7346,265208,10591.0
7347,363988,1586.0
7360,363547,924.0
7361,338013,38.0
7367,335245,5516.0
7371,276919,553.0
7373,167190,1487.0
7387,77402,923.0
7438,378194,393.0
7439,330793,7220.0
7444,337563,10096.0
7445,328107,9509.0
7451,377092,10625.0
7454,338526,7131.0
7458,332452,652.0
7482,70034,9461.0
7569,62512,667.0
8014,374546,113.0
8228,22111,28257.0
8360,298148,809.0
8361,319262,435.0
8366,332375,13193.0
8368,304141,673.0
8370,363226,246.0
8371,296572,2789.0
8373,327162,9890.0
8376,374900,8193.0
8464,390521,9372.0
8528,364725,9472.0
8529,362227,594.0
8533,332280,11036.0
8622,361596,1777.0
8623,93886,11584.0
8636,316654,558.0
8638,381681,80.0
8640,349683,9477.0
8641,357413,8699.0
8644,343818,2048.0
8665,372183,2502.0
8781,368008,14462.0
8783,368447,6947.0
8784,333766,401.0
8798,369339,1538.0
8807,366551,11282.0
8810,370263,395.0
8861,318627,1577.0
8865,346156,5137.0
8873,318462,1653.0
8874,365748,747.0
8907,307453,10555.0
8910,356721,1599.0
8914,390384,14337.0
8917,372588,3989.0
8947,391198,1970.0
8949,375063,9675.0
8950,361862,4553.0
8957,387564,176.0
8958,350258,1677.0
8961,317705,9806.0
8965,338348,5255.0
8969,317198,9801.0
8970,308644,866.0
8972,368891,2059.0
8977,346491,1966.0
8981,376541,2288.0
8983,385004,9550.0
8984,349903,163.0
8985,359013,36648.0
26662,97814,16859.0
26776,104652,11621.0
27611,314979,206216.0
27660,328832,55931.0
27706,339291,11774.0
27773,364569,670.0
27801,368909,9316.0
27808,371246,2539.0
27815,372824,5528.0
27831,375912,4836.0
27846,379225,11420.0
27904,405296,3509.0
30707,405159,70.0
30749,395169,205.0
30793,367594,118.0
30810,362270,421.0
30812,338751,2567.0
30816,293508,9833.0
30822,385267,1901.0
30825,290002,693.0
31221,357277,9947.0
31410,363163,613.0
31433,372532,6961.0
31658,347149,4935.0
31685,386588,8488.0
31696,360486,561.0
31878,373074,9470.0
32029,340163,2026.0
32031,358082,9928.0
32587,401792,187.0
33004,371724,7453.0
33162,320661,1495.0
33166,375679,1640.0
33493,121766,1895.0
33615,351283,953.0
33660,352248,921.0
33679,356910,787.0
33794,372784,272.0
33836,374536,9722.0
34048,407304,74.0
34072,428803,1667.0
34150,120667,9738.0
34162,396269,9522.0
34319,399201,1635.0
34338,436078,15258.0
34405,379786,16320.0
34437,412019,308.0
34520,377818,6519.0
35836,405422,6957.0
36401,355295,4442.0
36517,387131,1985.0
36519,388482,9335.0
36529,399295,1830.0
36708,385690,65215.0
37380,419706,8814.0
37384,348333,7553.0
37386,402022,8202.0
37727,408790,9315.0
37729,121164,3933.0
37733,399146,59.0
37741,379725,398.0
37830,385700,647.0
38038,312004,533.0
38061,373469,5236.0
39183,388795,142.0
39292,433383,3291.0
39446,432348,215.0
40278,418763,25.0
40583,365737,231.0
40629,414387,4348.0
40732,435625,9392.0
40815,330373,674.0
40819,358273,69.0
40826,294870,1833.0
41285,416320,116.0
41566,363771,411.0
41569,360717,254.0
41571,397535,1904.0
41997,408306,612.0
42011,369441,7552.0
42723,450278,1690.0
42738,401855,834.0
43928,370032,9920.0
44022,438097,950.0
44191,434409,752.0
44195,427944,9388.0
44199,454848,388.0
44555,405094,582.0
44665,425210,186.0
44761,393109,9270.0
44840,437863,9957.0
44972,362120,4257.0
44974,424136,2652.0
45081,384537,588.0
45186,317919,956.0
45431,327084,7518.0
45447,382625,591.0
45499,376994,36668.0
45501,452594,9767.0
45517,317219,920.0
45666,457510,9353.0
45668,410297,2044.0
45672,389860,9339.0
45720,458352,350.0
45722,383574,58.0
45728,424345,2295.0
45880,422720,1887.0
45950,497116,1781.0
46335,463985,9615.0
46530,348150,1452.0
46578,449059,773.0
46723,449467,1164.0
46965,417148,326.0
46970,415306,9718.0
46972,477347,1593.0
46976,420223,1262.0
47044,430357,82.0
47099,454921,1402.0
47200,479884,1948.0
47518,384793,9788.0
47610,443543,1491.0
47629,436697,1165.0
47997,387808,7512.0
48043,414993,1381.0
48082,354899,300.0
48304,472043,1579.0
48385,443453,496.0
48394,457430,1417.0
48516,407887,1422.0
48738,455590,1523.0
48774,206634,9693.0
48780,482571,1124.0
48783,418689,3683.0
48877,489270,214.0
49272,381061,36557.0
49274,366548,9836.0
49278,453467,7551.0
49286,457939,1581.0
49530,450259,1372.0
49649,449010,2486.0
49651,479143,1246.0
50068,498380,1251.0
50794,475394,7516.0
50872,382932,2062.0
51077,259324,1250.0
51084,758766,11172.0
51086,481369,3594.0
51255,425112,4638.0
51412,435705,1738.0
51540,443706,1949.0
51662,416449,1271.0
51935,822854,7485.0
52245,445934,9955.0
52281,462322,253768.0
52287,396555,1267.0
52328,448134,1272.0
52435,60345,13377.0
52458,486822,8271.0
52604,488120,6145.0
52722,413300,559.0
52973,478311,4964.0
52975,427327,2976.0
53000,463854,1562.0
53121,413267,810.0
53125,449088,285.0
53322,496806,298.0
53464,486576,1979.0
53519,1028528,1991.0
53894,386032,2359.0
53953,450385,3021.0
53972,337978,1571.0
53993,413099,2698.0
53996,418279,1858.0
54001,373889,675.0
54004,762107,3563.0
54190,445922,4688.0
54259,486655,2270.0
54272,462538,35.0
54286,440963,2503.0
54503,829482,8363.0
54881,923752,13958.0
54995,1077258,1992.0
54997,381849,5176.0
54999,465602,4141.0
55052,783233,4347.0
55118,765443,2252.0
55232,432021,7737.0
55247,758758,5915.0
55269,838221,4538.0
55276,465538,4566.0
55282,389722,4513.0
55290,452623,4771.0
55363,443680,4512.0
55442,808417,2011.0
55721,861739,7347.0
55765,765429,4982.0
55768,389790,5559.0
55820,477348,6977.0
55830,799934,4953.0
56145,884328,5876.0
56152,461770,4523.0
56171,385752,2268.0
56174,480249,6479.0
56251,471711,7249.0
56367,467406,7326.0
56587,825232,7350.0
56757,408236,13885.0
56775,465234,6637.0
56782,469494,7345.0
56941,431308,6023.0
56949,988595,6557.0
57368,1060277,7191.0
57504,808506,14069.0
57640,411477,11253.0
57669,780536,8321.0
58025,489099,8247.0
58047,832266,8390.0
58156,839980,13260.0
58293,443649,7840.0
58295,200465,8848.0
58559,468569,155.0
58803,478087,8065.0
58998,800039,9870.0
59022,481536,13335.0
59258,871426,8780.0
59315,371746,1726.0
59369,936501,8681.0
59387,460791,14784.0
59501,499448,2454.0
59615,367882,217.0
59725,1000774,4564.0
59784,441773,9502.0
59900,960144,10661.0
60040,800080,1724.0
60069,910970,10681.0
60072,493464,8909.0
60074,448157,8960.0
60126,425061,11665.0
60397,795421,11631.0
60684,409459,13183.0
60756,838283,12133.0
60950,497465,5038.0
61024,910936,10189.0
61132,942385,7446.0
61240,1139797,13310.0
61250,852713,12620.0
61323,887883,4944.0
62155,981227,12182.0
62374,758774,12113.0
62434,1007028,10358.0
62849,1032755,13809.0
62999,479952,10527.0
63082,1010048,12405.0
63113,830515,10764.0
63131,430922,15373.0
63859,397892,13053.0
63876,1013753,10139.0
63992,1099212,8966.0
64614,1205489,13223.0
64716,814314,11321.0
64839,1125849,12163.0
64957,421715,4922.0
64969,1068680,10201.0
64983,985699,2253.0
65088,960731,10202.0
65230,822832,14306.0
65261,876563,12429.0
65514,1220719,14756.0
66097,327597,14836.0
66203,1001508,10184.0
66934,1227926,14301.0
67087,1155056,16538.0
67255,1132620,15472.0
67734,1091722,16614.0
67923,1013752,13804.0
68135,974661,16996.0
68157,361748,16869.0
68237,1182345,17431.0
68319,458525,2080.0
68358,796366,13475.0
68554,808151,13448.0
68791,438488,534.0
68793,1078912,18360.0
68954,1049413,14160.0
69122,1119646,18785.0
69406,1041829,18240.0
69481,887912,12162.0
69526,1055369,8373.0
69644,1080016,8355.0
69757,1022603,19913.0
69784,889583,18480.0
69844,417741,767.0
69951,1054606,8054.0
70183,1142988,20943.0
70286,1136608,17654.0
70293,1135503,24803.0
71057,472033,12244.0
71264,844471,22794.0
71464,1019452,12573.0
71530,986263,19959.0
71535,1156398,19908.0
71745,386117,16523.0
71899,978762,24238.0
72011,1193138,22947.0
72226,432283,10315.0
72378,1190080,14161.0
72641,878804,22881.0
72737,780521,10198.0
72998,499549,19995.0
73017,988045,10528.0
73321,1037705,20504.0
74458,1130884,11324.0
74789,1014759,12155.0
76077,1231587,23048.0
76093,892769,10191.0
76175,800320,18823.0
76251,1250777,23483.0
76293,1279935,35056.0
77455,1587707,39452.0
77561,1228705,10138.0
78105,473075,9543.0
78209,1226229,32823.0
78469,429493,34544.0
78499,435761,10193.0
78772,1325004,24021.0
79057,1424381,34851.0
79091,1323594,20352.0
79132,1375666,27205.0
79134,1375670,38365.0
79139,963966,27022.0
79293,944835,27576.0
79592,1386588,27581.0
79695,1320253,27578.0
79702,446029,22538.0
80219,985694,23631.0
80463,1285016,37799.0
80489,840361,23168.0
80549,1282140,37735.0
80906,1645089,44639.0
81229,1245526,39514.0
81537,1231583,41733.0
81562,1542344,44115.0
81564,1001526,38055.0
81591,947798,44214.0
81834,926084,12444.0
81845,1504320,45269.0
81847,398286,38757.0
81932,964517,45317.0
82459,1403865,44264.0
82461,1104001,20526.0
83134,1465522,46838.0
83349,990407,40805.0
84152,1219289,51876.0
84374,1411238,41630.0
84392,1189340,50348.0
84772,1092026,39513.0
84944,1192628,44896.0
84954,1385826,38050.0
85414,945513,45612.0
85510,978764,23629.0
86190,993842,50456.0
86332,800369,10195.0
86644,1596343,51497.0
86833,1478338,55721.0
86880,1298650,1865.0
86882,1605783,59436.0
86911,1411697,45243.0
87222,1302011,49444.0
87232,1270798,49538.0
87306,1650062,37686.0
87430,1133985,44912.0
87520,1399103,38356.0
87869,1499658,51540.0
88125,1201607,12445.0
88129,780504,64690.0
88140,458339,1771.0
88163,1570728,50646.0
88405,1632708,50544.0
88744,1318514,61791.0
88785,1488555,49520.0
88810,1454029,50014.0
89470,1598778,39538.0
89492,1210166,60308.0
89745,848228,24428.0
89774,1291584,59440.0
89864,1306980,40807.0
89904,1655442,74643.0
90405,1637688,49530.0
90746,983193,17578.0
90866,970179,44826.0
91077,1033575,65057.0
91094,1204342,64328.0
91485,1764651,76163.0
91500,1392170,70160.0
91529,1345836,49026.0
91535,1194173,49040.0
91542,1515091,58574.0
91630,1229238,56292.0
91658,1568346,65754.0
92259,1675434,77338.0
92535,2112999,80379.0
93326,1596350,59962.0
93363,401729,49529.0
93510,1232829,64688.0
93840,1259521,22970.0
94677,1645170,76493.0
94777,1409024,41154.0
94864,1446714,70981.0
94959,1748122,83666.0
95167,1217209,62177.0
95441,1637725,72105.0
95510,948470,1930.0
96079,1074638,37724.0
96588,1981677,114150.0
96610,1276104,59967.0
96737,1343727,49049.0
96821,1659337,84892.0
96829,2106476,103663.0
97225,837562,76492.0
97304,1024648,68734.0
97306,1931533,86838.0
97752,1371111,83542.0
97913,1772341,82690.0
97921,1045658,82693.0
97938,454876,87827.0
98243,1446192,81188.0
98809,903624,49051.0
98961,1790885,97630.0
99007,1588173,82654.0
99112,790724,75780.0
99114,1853728,68718.0
101864,1483013,75612.0
102123,1245492,109414.0
102125,1300854,68721.0
102407,1343092,64682.0
102445,1408101,54138.0
102481,2234155,116741.0
102903,1670345,75656.0
103042,770828,49521.0
103141,1453405,62211.0
103228,1663662,68726.0
103249,816711,72190.0
103253,1535108,68724.0
103335,1690953,93456.0
103341,1213663,107985.0
103772,1430132,76170.0
104211,1723121,138832.0
104241,1650554,59859.0
104374,2194499,122906.0
104841,1454468,49047.0
104879,1392214,146233.0
104913,1979320,96721.0
105504,1535109,109424.0
105844,2024544,76203.0
106002,1731141,80274.0
106072,1981115,76338.0
106100,790636,152532.0
106487,1951264,101299.0
106489,1170358,57158.0
106696,2294629,109445.0
106782,993846,106646.0
106916,1800241,168672.0
106918,359950,116745.0
106920,1798709,152601.0
107348,1229340,109443.0
107406,1706620,110415.0
108190,1840309,157350.0
108932,1490017,137106.0
109374,2278388,120467.0
109487,816692,157336.0
110102,1843866,100402.0
110553,1872181,102382.0
111113,2004420,195589.0
111360,2872732,240832.0
111362,1877832,127585.0
111364,831387,124905.0
111659,1587310,102651.0
111743,2557490,188161.0
111759,1631867,137113.0
111781,2381249,177677.0
112138,2294449,187017.0
112175,1646971,82702.0
112183,2562232,194662.0
112290,1065073,85350.0
112552,2582802,244786.0
112556,2267998,210577.0
112623,2103281,119450.0
112852,2015381,118340.0
114180,1790864,198663.0
114662,2179136,190859.0
114935,2397535,206487.0
115149,2911666,245891.0
115210,2713180,228150.0
115569,2872718,242582.0
115617,2245084,177572.0
115713,470752,264660.0
116797,2084970,205596.0
116823,1951265,131631.0
116897,3011894,265195.0
117176,2980516,266856.0
117529,369610,135397.0
117590,2170439,227159.0
118696,2310332,122917.0
119141,2788710,228967.0
119145,2802144,207703.0
120466,1823672,198184.0
122882,1392190,76341.0
122886,2488496,140607.0
122892,2395427,99861.0
122900,478970,102899.0
122904,1431045,293660.0
122906,1825683,284054.0
122912,4154756,299536.0
122916,3501632,284053.0
122918,3896198,283995.0
122920,3498820,271110.0
122922,1211837,284052.0
122924,3385516,246655.0
122926,2250912,202249.0
128360,3460252,273248.0
129354,2381941,256591.0
134130,3659388,286217.0
134368,3079380,238713.0
134393,3152624,271718.0
134853,2096673,150540.0
135133,1951266,131634.0
135143,3183660,259316.0
135536,1386697,297761.0
135569,2660888,188927.0
135887,2293640,211672.0
136020,2379713,206647.0
136864,2975590,209112.0
137857,3040964,278927.0
138036,1638355,203801.0
139385,1663202,281957.0
139644,3397884,273481.0
140110,2361509,257211.0
142488,1895587,314365.0
143355,451279,297762.0
148626,1596363,318846.0
150548,3845232,370646.0
152077,1179933,333371.0
152081,2948356,269149.0
157296,2277860,127380.0
158238,3799694,290250.0
159093,3110958,291805.0
164179,2543164,329865.0
166461,3521164,277834.0
166528,3748528,330459.0
166643,4846340,381284.0
168250,5052448,419430.0
168252,3315342,263115.0
174055,5013056,374720.0
176371,1856101,335984.0
177765,2380307,354912.0
179819,2527336,181808.0
187593,5463162,383498.0
